round,slice,frame,object_ref,cell,what,why,severity,owner,rule_id,evidence,action,rules_version,note
calib,C0,adasind_019560.jpg,L5,na,SPURIOUS,,,,,,,,
calib,C0,adasind_019560.jpg,L6,na,SPURIOUS,,,,,,,,
calib,C0,adasind_019560.jpg,R5,na,MISSING,,,,,,,,
calib,C0,adasind_019560.jpg,R6,na,MISSING,,,,,,,,
r2_qa,B2-center,adasind_062370.jpg,L5,L_only,STRUCTURE,,,,R02,"Box ThreeWheeler L5 và polygon cùng vùng; export không thể hiện group_id ghép cặp.",,,
r2_qa,B2-center,adasind_117120.jpg,L1+L8,L_only,STRUCTURE,,,,R02,"Hai box Pedestrian chồng nhau; cần xác nhận hai người tách biệt hay box chồng sai trên ảnh gốc.",,,
r2_qa,B2-center,adasind_117120.jpg,L2+L3,L_only,STRUCTURE,,,,R02,"Hai box Car chồng mép; cần xác nhận từng box ôm đúng một xe trên ảnh gốc.",,,
r1_craft,B2-center,adasind_062370.jpg,R7,na,MISSING,,,,,,,,
r1_craft,B2-center,adasind_062370.jpg,R8,na,MISSING,,,,,,,,
r1_craft,B2-center,adasind_086220.jpg,L3,na,SPURIOUS,,,,,,,,
r1_craft,B2-center,adasind_086220.jpg,R4,na,MISSING,,,,,,,,
r1_craft,B2-center,adasind_117120.jpg,L1,na,SPURIOUS,,,,,,,,
r1_craft,B2-center,adasind_117120.jpg,L3,na,SPURIOUS,,,,,,,,
r1_craft,B2-center,adasind_117120.jpg,L6,na,SPURIOUS,,,,,,,,
r3_diag,B2-center,adasind_062370.jpg,L6+R1,LR_noM,MISSING,E4_model_domain,P1,ai_team,,"L6 dan R1 cùng đặt box ThreeWheeler tại một vật nhưng model không có box ghép.",keep_with_reason,,
r3_diag,B2-center,adasind_062370.jpg,L2+R5,LR_noM,MISSING,E4_model_domain,P1,ai_team,,"L2 dan R5 cùng nhận diện ThreeWheeler nhưng model bỏ sót vật này.",keep_with_reason,,
r3_diag,B2-center,adasind_062370.jpg,L5+R6,LR_noM,MISSING,E4_model_domain,P1,ai_team,,"L5 dan R6 cùng nhận diện ThreeWheeler nhưng model bỏ sót vật này.",keep_with_reason,,
r3_diag,B2-center,adasind_062370.jpg,R7,R_only,MISSING,E5_unresolved,P1,qa,R01,"R7 là ThreeWheeler cao 60 px và nằm chồng phần lớn lên L2/R5; cần soi ảnh để phân biệt vật riêng với box reference trùng.",escalate,,
r3_diag,B2-center,adasind_062370.jpg,R8,R_only,MISSING,E5_unresolved,P1,qa,R01,"R8 là Truck cao 77 px nhưng chỉ reference có box; cần xác nhận vật nhìn thấy và vùng hợp lệ trên ảnh gốc.",escalate,,
r3_diag,B2-center,adasind_062370.jpg,M3,M_only,SPURIOUS,E4_model_domain,P2,ai_team,R03,"M3 Pedestrian chồng lên Bike L1/R2; luật rider yêu cầu người lái và xe hai bánh là một Bike.",keep_with_reason,,
r3_diag,B2-center,adasind_062370.jpg,M4,M_only,SPURIOUS,E4_model_domain,P2,ai_team,R03,"M4 Pedestrian chồng lên Bike L7/R3; luật rider không tách người lái thành box Pedestrian.",keep_with_reason,,
r3_diag,B2-center,adasind_062370.jpg,M5,M_only,SPURIOUS,E4_model_domain,P2,ai_team,R04,"M5 dự đoán Truck trên vùng L2/R5 đã được gán ThreeWheeler; đây là nhầm class lặp lại ở model.",keep_with_reason,,
r3_diag,B2-center,adasind_062370.jpg,M8,M_only,SPURIOUS,E4_model_domain,P2,ai_team,R04,"M8 dự đoán Truck trên vùng L6/R1 ThreeWheeler; luật ánh xạ không cho gọi ThreeWheeler là Truck.",keep_with_reason,,
r3_diag,B2-center,adasind_062370.jpg,M10,M_only,SPURIOUS,E4_model_domain,P2,ai_team,R04,"M10 dự đoán Truck trên vùng L5/R6 ThreeWheeler; cùng mẫu nhầm class như các box model khác trong frame.",keep_with_reason,,
r3_diag,B2-center,adasind_086220.jpg,L2+R1,LR_noM,MISSING,E4_model_domain,P1,ai_team,,"L2 và R1 cùng nhận diện ThreeWheeler nhưng model không có box ghép.",keep_with_reason,,
r3_diag,B2-center,adasind_086220.jpg,L4+R5,LR_noM,MISSING,E4_model_domain,P1,ai_team,,"L4 và R5 cùng nhận diện ThreeWheeler nhưng model bỏ sót vật này.",keep_with_reason,,
r3_diag,B2-center,adasind_086220.jpg,L3,L_only,SPURIOUS,E5_unresolved,P2,qa,R02,"L3 Bike nằm trong vùng box ThreeWheeler L2/R1; ảnh cần xác nhận đây là xe riêng nhìn thấy hay box chồng trùng.",escalate,,
r3_diag,B2-center,adasind_086220.jpg,R4,R_only,MISSING,E1_annotator_error,P1,annotator,R01,"R4 Bike cao 41 px có box reference và box model M8 Car ở cùng vùng nhưng không có box L.",rework,,
r3_diag,B2-center,adasind_086220.jpg,M2,M_only,SPURIOUS,E4_model_domain,P2,ai_team,R03,"M2 Pedestrian chồng lên Bike L1/R2; model tách rider dù luật yêu cầu một box Bike.",keep_with_reason,,
r3_diag,B2-center,adasind_086220.jpg,M3,M_only,SPURIOUS,E4_model_domain,P2,ai_team,R03,"M3 Pedestrian chồng lên Bike L5/R3; model tách rider thành box riêng trái R03.",keep_with_reason,,
r3_diag,B2-center,adasind_086220.jpg,M5,M_only,SPURIOUS,E4_model_domain,P2,ai_team,R04,"M5 Truck chồng lên ThreeWheeler L2/R1; model nhầm class của cùng vật.",keep_with_reason,,
r3_diag,B2-center,adasind_086220.jpg,M6,M_only,SPURIOUS,E4_model_domain,P2,ai_team,R04,"M6 Car cũng chồng lên ThreeWheeler L2/R1 cùng với M5; model phát sinh dự đoán sai class trùng vùng.",keep_with_reason,,
r3_diag,B2-center,adasind_086220.jpg,M7,M_only,SPURIOUS,E5_unresolved,P2,qa,R01,"M7 Car cao 47 px chỉ có ở model; cần kiểm ảnh gốc để xác nhận có vật đủ ngưỡng trong vùng hợp lệ.",escalate,,
r3_diag,B2-center,adasind_086220.jpg,M8,M_only,SPURIOUS,E4_model_domain,P2,ai_team,R04,"M8 Car chồng vùng R4 Bike; reference có vật còn model dự đoán sai class và L chưa có box.",keep_with_reason,,
r3_diag,B2-center,adasind_117120.jpg,L4+R2,LR_noM,MISSING,E4_model_domain,P1,ai_team,,"L4 và R2 cùng nhận diện Car nhưng model không có box ghép.",keep_with_reason,,
r3_diag,B2-center,adasind_117120.jpg,L7+R4,LR_noM,MISSING,E4_model_domain,P1,ai_team,,"L7 và R4 cùng nhận diện ThreeWheeler nhưng model bỏ sót vật này.",keep_with_reason,,
r3_diag,B2-center,adasind_117120.jpg,L1,L_only,SPURIOUS,E1_annotator_error,P1,annotator,R02,"L1 Pedestrian chồng gần như toàn bộ lên L8/R6 Pedestrian ở cùng vùng; dấu hiệu box trùng một người.",rework,,
r3_diag,B2-center,adasind_117120.jpg,L3,L_only,SPURIOUS,E1_annotator_error,P1,annotator,R02,"L3 Car nằm bên trong L2/R1 Car ở cùng vùng; dấu hiệu box thứ hai trùng một xe.",rework,,
r3_diag,B2-center,adasind_117120.jpg,L6+M10,LM_noR,SPURIOUS,E5_unresolved,P1,qa,,"L6 Truck và M10 Truck khớp cùng vùng nhưng reference không có box; cần xác minh vật trên ảnh trước khi kết luận reference thiếu.",escalate,,
r3_diag,B2-center,adasind_117120.jpg,M1,M_only,SPURIOUS,E4_model_domain,P2,ai_team,R04,"M1 Truck chồng lên Car L4/R2; L và reference đồng thuận Car còn model nhầm class.",keep_with_reason,,
r3_diag,B2-center,adasind_117120.jpg,M6,M_only,SPURIOUS,E4_model_domain,P2,ai_team,R03,"M6 Pedestrian chồng lên Bike L9/R5; model tách rider trái quy tắc một Bike.",keep_with_reason,,
r3_diag,B2-center,adasind_117120.jpg,M7,M_only,SPURIOUS,E4_model_domain,P2,ai_team,R04,"M7 Truck chồng lên ThreeWheeler L7/R4; model nhầm class của cùng vật.",keep_with_reason,,
r3_diag,B2-center,adasind_117120.jpg,M8,M_only,SPURIOUS,E4_model_domain,P2,ai_team,,"M8 Car chồng gần trùng vùng L6/M10 Truck và cùng frame có hai dự đoán model cho một vật; cần phân tích như lỗi phân lớp/trùng box.",keep_with_reason,,
